slug,age,height,position
kornelius-normann-hansen,24,175.0,Forward
jochem-ritmeester-van-de-kamp,21,177.0,Midfielder
ricardo-visus-contreras,24,192.0,Defender
vasilios-zagaritis,24,178.0,Defender
jonas-wendlinger,24,192.0,Goalkeeper
jaden-pinas,21,,Defender
tim-receveur,33,182.0,Midfielder
joel-van-der-wilt,21,187.0,Goalkeeper
alejandro-balboa-bandeira,24,181.0,Midfielder
anas-tahiri,30,179.0,Midfielder
malcolm-mateyo,20,,Goalkeeper
marvin-martins-santos-da-graca,30,185.0,Defender
ali-jasim-elaibi-al-tameemi,21,178.0,Midfielder
junior-morau-kadile,22,182.0,Forward
hamdi-akujobi,25,175.0,Defender
christopher-mamengi,24,182.0,Defender
thom-haye,30,187.0,Midfielder
james-lawrence,32,188.0,Defender
nordin-bakker,27,196.0,Goalkeeper
baptiste-guillaume,29,190.0,Forward
emanuel-poku,19,,Forward
alejandro-carbonell-valles,27,182.0,Midfielder
faiz-mattoir,24,164.0,Forward
ruben-providence,23,178.0,Forward
thomas-robinet,28,180.0,Forward
stijn-keller,25,195.0,Goalkeeper
charles-andreas-brym,26,182.0,Forward
damil-dankerlui,28,172.0,Defender
jeffry-germain-puriel,22,195.0,Forward
joey-jacobs,25,185.0,Defender
adi-nalic,27,190.0,Midfielder
theo-barbet,24,184.0,Defender
jeyland-yahir-mitchell-baltodano,20,187.0,Defender
jan-plug,20,188.0,Defender
gernot-trauner,33,183.0,Defender
stephano-emmanuel-carrillo-calderon,19,,Forward
david-hancko,27,188.0,Defender
chris-kevin-nadje,23,190.0,Midfielder
hugo-bueno,22,180.0,Defender
luka-ivanusec,26,175.0,Forward
facundo-gonzalez-molino,22,193.0,Defender
igor-guilherme-barbosa-da-paixao,24,168.0,Forward
djomar-giersthove,20,,Defender
ayase-ueda,26,182.0,Forward
in-beom-hwang,28,177.0,Midfielder
oussama-targhalline,23,186.0,Midfielder
thijs-kraaijeveld,18,,Midfielder
quilindschy-hartman,23,183.0,Defender
anis-hadj-moussa,23,176.0,Forward
ismail-ka,19,,Goalkeeper
zepiqueno-redmond,18,,Forward
justin-bijlow,27,188.0,Goalkeeper
gijs-smal,27,183.0,Defender
jordan-lotomba,26,177.0,Defender
antoni-djibu-milambo,20,179.0,Midfielder
tobias-van-den-elshout,18,188.0,Midfielder
jakub-moder,26,188.0,Midfielder
calvin-stengs,26,182.0,Midfielder
julian-carranza,25,176.0,Forward
aymen-sliti,19,,Forward
liam-bossin,28,190.0,Goalkeeper
timon-wellenreuther,29,188.0,Goalkeeper
givairo-read,19,184.0,Defender
ibrahim-osman,20,177.0,Forward
bart-nieuwkoop,29,181.0,Defender
plamen-andreev,20,192.0,Goalkeeper
quinten-maduro,23,179.0,Midfielder
shiloh-t-zand,22,177.0,Midfielder
ramiz-larbi-zerrouki,27,183.0,Midfielder
thomas-beelen,23,180.0,Defender
esmir-bajraktarevic,20,175.0,Forward
jesper-uneken,20,177.0,Forward
adamo-nagalo,22,185.0,Defender
walter-daniel-benitez,32,191.0,Goalkeeper
ricardo-pepi,22,185.0,Forward
ismael-saibari-ben-el-basra,24,185.0,Midfielder
tyrell-malacia,25,170.0,Defender
isaac-achmed-koroma-junior-babadi,20,179.0,Midfielder
ryan-flamingo,22,186.0,Defender
mauro-jaqueson-junior-ferreira-dos-santos,26,171.0,Defender
emmanuel-van-de-blaak,20,184.0,Defender
johan-bakayoko,22,179.0,Forward
guus-til,27,186.0,Midfielder
ivan-perisic,36,186.0,Forward
noa-lang,25,173.0,Forward
samuel-gomez-van-hoogen,19,184.0,Midfielder
lucas-perez-martinez,36,180.0,Forward
joel-drommel,28,192.0,Goalkeeper
tijn-smolenaars,20,197.0,Goalkeeper
niek-schiks,21,188.0,Goalkeeper
sergino-dest,24,173.0,Defender
richard-ledezma,24,173.0,Midfielder
armando-obispo,26,185.0,Defender
rick-karsdorp,30,184.0,Defender
couhaib-driouech,23,175.0,Forward
tygo-land,19,168.0,Midfielder
joey-veerman,26,185.0,Midfielder
luuk-de-jong,34,188.0,Forward
malik-tillman,23,187.0,Midfielder
wessel-kuhn,18,183.0,Defender
olivier-boscagli,27,181.0,Defender
jerdy-schouten,28,185.0,Midfielder
michael-bresser,18,187.0,Defender
tai-abed,21,176.0,Midfielder
olivier-aertssen,20,183.0,Defender
thierry-lutonda,24,167.0,Defender
kenneth-vermeer,39,181.0,Goalkeeper
ryan-thomas,30,176.0,Midfielder
teun-gijselhart,20,176.0,Midfielder
nick-dobben,17,,Goalkeeper
jasper-schendelaar,24,186.0,Goalkeeper
damian-van-der-haar,21,183.0,Defender
anouar-el-azzouzi,24,187.0,Midfielder
jamiro-gregory-monteiro-alvarenga,31,172.0,Midfielder
filip-yavorov-krastev,23,178.0,Midfielder
sherel-floranus,26,181.0,Defender
kaj-de-rooij,24,176.0,Forward
samir-lagsir,22,180.0,Forward
eliano-reijnders,24,168.0,Midfielder
younes-namli,30,180.0,Midfielder
tristan-gooijer,20,185.0,Defender
thomas-buitink,24,174.0,Forward
odysseus-velanas,27,180.0,Midfielder
simon-graves-jensen,26,191.0,Defender
dylan-vente,26,181.0,Forward
nick-fichtinger,21,,Midfielder
gabriel-reiziger,19,,Midfielder
mike-hauptmeijer,28,190.0,Goalkeeper
anselmo-garcia-mcnulty,22,187.0,Defender
dave-van-den-berg,25,190.0,Midfielder
dylan-ruward,20,,Defender
dylan-mbayo,23,175.0,Forward
duke-verduin,21,195.0,Goalkeeper
luuk-koopmans,31,190.0,Goalkeeper
niels-martens,21,190.0,Goalkeeper
loreintz-rosier,26,190.0,Midfielder
ramazan-bayram,20,,Goalkeeper
edouard-michut,22,176.0,Midfielder
hasip-korkmazyurek,22,179.0,Midfielder
shawn-adewoye,24,181.0,Defender
alessio-da-cruz,28,184.0,Midfielder
kristoffer-peterson,30,185.0,Forward
onur-demir-2002-08-23,22,180.0,Forward
darijo-grujcic,26,188.0,Defender
ryan-fosso,22,183.0,Midfielder
alhaji-bah,17,,Defender
jasper-dahlhaus,23,176.0,Defender
kaj-sierhuis,27,180.0,Forward
sofiane-et-taibi,21,,Defender
mitchell-dijks,32,194.0,Defender
daan-bisschops,20,,Defender
bojan-radulovic-samoukovic,25,191.0,Forward
samuel-bastien,28,175.0,Midfielder
ezequiel-eduardo-bullaude,24,184.0,Midfielder
sjors-lowis-hermsen,17,175.0,Forward
abdurrahman-burak-sayin,18,,Forward
owen-johnson,19,,Forward
makan-aiko,24,180.0,Forward
daley-sinkgraven,29,179.0,Defender
tristan-schenkhuizen,20,178.0,Midfielder
syb-van-ottele,23,185.0,Defender
rodrigo-guth,24,191.0,Defender
alen-halilovic,28,169.0,Midfielder
ivo-daniel-ferreira-mendonca-pinto,35,182.0,Defender
mattijs-branderhorst,31,192.0,Goalkeeper
luka-tunjic,19,183.0,Midfielder
mickael-mickael,0,,Midfielder
josip-mitrovic,24,174.0,Forward
rome-jayden-owusu-oduro,20,189.0,Goalkeeper
jeroen-zoet,34,189.0,Goalkeeper
jayden-osei-addai,19,175.0,Forward
ro-zangelo-daal,21,173.0,Forward
maxim-dekker,21,190.0,Defender
lewis-schouten,21,191.0,Midfielder
wassim-bouziane,18,181.0,Forward
kristijan-belic,24,177.0,Midfielder
enoch-mayele-kiemba-mastoras,19,176.0,Midfielder
mees-jacobus-wilhelmus-de-wit,27,181.0,Defender
troy-parrott,23,185.0,Forward
julian-oerip,18,179.0,Midfielder
alexandre-manuel-penetra-correia,23,186.0,Defender
denso-kasius,22,186.0,Defender
zico-buurmeester,23,182.0,Midfielder
david-moller-wolfe,23,185.0,Defender
tristan-kuijsten,20,191.0,Goalkeeper
mexx-meerdink,21,182.0,Forward
ibrahim-sadiq,25,167.0,Forward
jordy-clasie,33,169.0,Midfielder
bruno-martins-indi,33,185.0,Defender
mayckel-lahdo,22,171.0,Forward
sem-westerveld,22,190.0,Goalkeeper
seiya-maikuma,27,179.0,Defender
wouter-goes,20,187.0,Defender
sven-mijnans,25,190.0,Midfielder
kees-smit,19,180.0,Midfielder
hobie-verhulst,32,192.0,Goalkeeper
elijah-dijkstra,18,172.0,Defender
daniel-deen,22,188.0,Goalkeeper
ernest-poku,21,173.0,Forward
kasper-boogaard,19,183.0,Midfielder
ruben-van-bommel,20,186.0,Forward
jorn-berkhout,23,181.0,Defender
sem-van-duijn,21,181.0,Forward
peer-koopmeiners,25,186.0,Midfielder
gustaf-lagerbielke,25,191.0,Defender
daan-rots,23,179.0,Forward
michal-sadilek,26,169.0,Midfielder
gerald-alders,20,179.0,Defender
michel-vlap,28,190.0,Midfielder
ruud-nijstad,17,188.0,Defender
lars-unnerstall,34,198.0,Goalkeeper
sayfallah-ltaief,25,178.0,Forward
owen-panneflek,18,177.0,Forward
taylor-booth,24,173.0,Midfielder
alec-van-hoorenbeeck,26,187.0,Defender
bas-edo-kuipers,30,180.0,Defender
naci-unuvar,21,168.0,Midfielder
bart-van-rooij,24,174.0,Defender
lucas-vennegoor-of-hesselink,19,188.0,Forward
sem-steijn,23,173.0,Midfielder
mees-hilgers,24,183.0,Defender
arno-verschueren,28,184.0,Midfielder
przemyslaw-tyton,38,195.0,Goalkeeper
younes-taha,22,176.0,Forward
mathias-ullereng-kjolo,23,174.0,Midfielder
yannick-gerritsen,19,,Goalkeeper
max-bruns,22,183.0,Defender
harrie-kuster,19,161.0,Midfielder
sam-luca-karssies,22,186.0,Goalkeeper
sam-lammers,28,189.0,Forward
gijs-besselink,20,180.0,Midfielder
julien-mesbahi,19,181.0,Defender
ricky-van-wolfswinkel,36,186.0,Forward
sam-kersten,27,191.0,Defender
eser-gurbuz,18,,Forward
amara-conde,28,173.0,Midfielder
che-nunnely,26,170.0,Forward
robin-bouw,19,182.0,Defender
ties-oostra,21,170.0,Midfielder
jacob-trenskow,24,178.0,Forward
luuk-brouwers,27,183.0,Midfielder
pawel-bochniewicz,29,194.0,Defender
mateja-milovanovic,21,186.0,Defender
jordy-de-wijs,30,189.0,Defender
ilias-sebaoui,23,180.0,Forward
alireza-jahanbakhsh,31,181.0,Midfielder
melle-joop-witteveen,21,174.0,Midfielder
jan-bekkema,29,186.0,Goalkeeper
tjalling-keimpema,0,,Goalkeeper
espen-van-ee,21,179.0,Midfielder
milos-lukovic,19,184.0,Forward
nikolai-soyset-hopland,20,186.0,Defender
xavi-woudstra,20,,Midfielder
oliver-johansen-braude,21,174.0,Defender
dimitris-rallis,20,180.0,Forward
denzel-hall,24,180.0,Defender
andries-noppert,31,203.0,Goalkeeper
hristiyan-ivaylov-petrov,22,186.0,Defender
isaiah-ahmed,19,186.0,Midfielder
mats-kohlert,27,169.0,Defender
marcus-linday,22,189.0,Midfielder
ion-nicolaescu,26,184.0,Forward
hussein-ali-2002-03-01,23,182.0,Defender
bernt-klaverboer,19,190.0,Goalkeeper
kai-jansen,18,,Midfielder
levi-smans,22,175.0,Midfielder
mickey-van-der-hart,30,188.0,Goalkeeper
aron-van-lare,22,195.0,Goalkeeper
adam-hamza-kaied,23,177.0,Forward
kamal-sowah,25,179.0,Midfielder
sana-fernandes,19,165.0,Forward
cherrion-valerius,19,192.0,Defender
dominik-janosek,26,183.0,Forward
enes-mahmutovic,28,190.0,Defender
kostas-lamprou,33,178.0,Goalkeeper
elias-mar-omarsson,30,183.0,Forward
casper-staring,24,186.0,Midfielder
aimane-jaddi,21,164.0,Forward
fredrik-oldrup-jensen,32,186.0,Midfielder
maxime-busi,25,182.0,Defender
leo-sauer,19,184.0,Forward
daniel-bielica,26,191.0,Goalkeeper
raul-carlos-vasko-caldaroska-paula,21,177.0,Midfielder
terence-kongolo,31,188.0,Defender
clint-leemans,29,189.0,Midfielder
dion-versluis,22,192.0,Forward
boyd-lucassen,26,173.0,Defender
boy-kemper,25,185.0,Defender
leo-greiml,23,187.0,Defender
matthew-garbett,23,182.0,Midfielder
kacper-kostorz,25,191.0,Forward
lars-mol,20,181.0,Defender
sydney-van-hooijdonk,25,190.0,Forward
roy-kortsmit,32,190.0,Goalkeeper
maximilien-balard,24,175.0,Midfielder
roy-kuijpers,25,175.0,Forward
daan-van-reeuwijk,18,188.0,Defender
said-bakari,30,178.0,Defender
nokkvi-theyr-thorisson,25,188.0,Forward
dylan-tevreden,19,187.0,Goalkeeper
mohamed-nassoh,22,188.0,Midfielder
tobias-lauritsen,27,196.0,Forward
youri-schoonderwalt,25,195.0,Goalkeeper
kristian-nokkvi-hlynsson,21,179.0,Midfielder
marvin-young,19,182.0,Defender
quincy-anthony-edgar-nathan-hoeve,22,190.0,Forward
joel-ideho,21,175.0,Forward
mitchell-van-bergen,25,170.0,Forward
hamza-el-dahri,20,177.0,Midfielder
ayoni-santos,19,166.0,Midfielder
pelle-clement,29,177.0,Midfielder
kaylen-jermaine-danny-reitmaier,21,197.0,Goalkeeper
jonathan-de-guzman,37,173.0,Midfielder
boyd-reith,26,176.0,Defender
aymane-bais,19,,Forward
mike-kleijn,20,175.0,Defender
shunsuke-mito,22,164.0,Forward
teo-quintero,26,190.0,Defender
mike-eerdhuijzen,24,194.0,Defender
carel-eiting,27,179.0,Midfielder
joshua-gaston-kitolano,23,170.0,Midfielder
nick-olij,29,188.0,Goalkeeper
max-de-ligt,20,189.0,Defender
rick-meissen,23,190.0,Defender
patrick-van-aanholt,34,176.0,Defender
ayoub-oufkir,19,170.0,Forward
gjivai-zechiel,21,171.0,Midfielder
rijk-janse,23,189.0,Goalkeeper
philippe-sandler,28,190.0,Defender
robin-roefs,22,193.0,Goalkeeper
argyrios-darelas,21,188.0,Midfielder
ivan-marquez-alvarez,30,191.0,Defender
lasse-schone,39,177.0,Midfielder
kodai-sano,21,176.0,Midfielder
omar-mohamedhoesein,21,170.0,Midfielder
sontje-hansen,23,173.0,Forward
kento-shiogai,20,180.0,Forward
yousri-sbai,20,,Midfielder
brayann-pereira,22,172.0,Defender
d-leanu-arts,22,175.0,Defender
basar-onal,20,173.0,Forward
lars-olden-larsen,26,175.0,Forward
mees-hoedemakers,27,181.0,Midfielder
sami-ouaissa,20,170.0,Midfielder
dirk-wanner-proper,23,168.0,Midfielder
eleutherios-lyratzis,25,175.0,Defender
luc-nieuwenhuijs,18,175.0,Forward
stijn-van-gassel,28,186.0,Goalkeeper
vito-van-crooij,29,179.0,Forward
thomas-ouwejan,28,178.0,Defender
bram-nuytinck,35,191.0,Defender
kas-de-wit,21,190.0,Midfielder
calvin-verdonk,28,174.0,Defender
bryan-linssen,34,170.0,Forward
koki-ogawa,27,186.0,Forward
soren-tengstedt,24,187.0,Midfielder
ofosu-boakye,17,,Forward
donte-apinsa,20,,Defender
jakob-breum-martinsen,21,178.0,Midfielder
maurilio-de-lannoy,21,,Midfielder
enric-llansana,24,183.0,Midfielder
robbin-weijenberg,20,,Midfielder
dean-ruben-james,25,,Defender
julius-dirksen,22,185.0,Defender
aske-adelgaard,21,175.0,Defender
dielan-ghafour,19,182.0,Midfielder
calvin-twigt,22,183.0,Midfielder
gerrit-nauber,33,185.0,Defender
evert-linthorst,25,185.0,Midfielder
milan-smit,22,191.0,Forward
luca-plogmann,25,188.0,Goalkeeper
oskar-siira-sivertsen,21,177.0,Forward
luca-everink,24,179.0,Defender
joris-kramer,28,187.0,Defender
finn-stokkers,29,180.0,Forward
oscar-pettersson-2000-02-01,25,178.0,Forward
oliver-antman,23,185.0,Forward
mathis-suray,23,173.0,Midfielder
nando-verdoni,21,189.0,Goalkeeper
jari-de-busser,25,190.0,Goalkeeper
mats-deijl,27,181.0,Defender
victor-edvardsen,29,185.0,Forward
sven-jansen,20,192.0,Goalkeeper
jens-mathijsen,17,183.0,Defender
jesse-bosch,25,176.0,Midfielder
mickael-tirpan,31,177.0,Defender
thomas-didillon,29,193.0,Goalkeeper
dennis-kaygin,21,186.0,Midfielder
maarten-schut,21,180.0,Goalkeeper
miodrag-pivas,20,188.0,Defender
connor-van-den-berg,24,187.0,Goalkeeper
jeremy-loteteka-bokila,36,188.0,Forward
raffael-behounek,28,187.0,Defender
kyan-vaesen,24,190.0,Forward
erik-schouten,33,182.0,Defender
tommy-st-jago,25,188.0,Defender
amar-abdirahman-ahmed-fatah,21,180.0,Forward
ringo-meerveld,22,177.0,Midfielder
emilio-kehrer,23,177.0,Forward
amine-lachkar,22,188.0,Defender
dani-mathieu,24,176.0,Midfielder
rob-nizet,23,177.0,Defender
per-van-loon,20,176.0,Midfielder
cisse-sandra,21,184.0,Midfielder
uriel-van-aalst,18,170.0,Midfielder
youssuf-sylla,22,191.0,Forward
lambert-boris,25,187.0,Midfielder
nick-doodeman,28,173.0,Forward
runar-thor-sigurgeirsson,25,186.0,Defender
patrick-joosten,29,185.0,Forward
khaled-razak,19,174.0,Forward
rafik-el-arguioui,19,178.0,Midfielder
michael-brouwer,32,189.0,Goalkeeper
alonzo-tim-engwanda-ongena,22,185.0,Midfielder
souffian-elkarouani,24,178.0,Defender
rickson-van-hees,22,175.0,Defender
miguel-rodriguez-vidal,22,179.0,Forward
yoann-cathline,22,176.0,Forward
mike-van-der-hoorn,32,190.0,Defender
zidane-aamar-iqbal,22,181.0,Midfielder
sebastien-haller,30,190.0,Forward
david-min,25,194.0,Forward
adrian-blake,19,173.0,Forward
siebe-horemans,27,186.0,Defender
joshua-ebitonmo-mukeh,21,185.0,Defender
andreas-frederik-dithmer,19,198.0,Goalkeeper
massien-ghaddari,20,170.0,Defender
matisse-didden,23,198.0,Defender
kevin-gadellaa,22,206.0,Goalkeeper
nick-viergever,35,183.0,Defender
paxten-aaronson,21,175.0,Midfielder
niklas-brondsted-vesterlund-nielsen,26,185.0,Defender
kolbeinn-birgir-finnsson,25,181.0,Defender
victor-jensen,25,175.0,Midfielder
noah-ohio,22,185.0,Forward
miliano-jonathans,21,178.0,Forward
tom-gerard-de-graaff,20,188.0,Goalkeeper
oscar-luigi-fraulo,21,180.0,Midfielder
anthony-descotte,21,179.0,Forward
can-bozdogan,24,174.0,Midfielder
vasileios-barkas,31,196.0,Goalkeeper
jens-toornstra,36,178.0,Midfielder
jasper-meijster,20,188.0,Goalkeeper
brynjolfur-darri-willumsson,24,185.0,Forward
alex-jens-kenneth-mortensen,22,175.0,Forward
marvin-peersman,34,185.0,Defender
rui-jorge-monteiro-mendes,25,179.0,Forward
marco-rente,28,187.0,Defender
jorg-schreuders,20,188.0,Midfielder
fofin-turay,21,178.0,Forward
roy-leicester,19,179.0,Defender
mats-seuntjens,33,187.0,Midfielder
kevin-van-veen,34,189.0,Forward
stije-resink,22,179.0,Midfielder
leandro-bacuna,33,180.0,Defender
dave-kwakman,20,184.0,Midfielder
david-van-der-werff,20,,Midfielder
thijmen-blokzijl,20,190.0,Defender
luciano-valente,21,189.0,Midfielder
etienne-vaessen,29,189.0,Goalkeeper
maxim-mariani,20,185.0,Defender
finn-stam,22,188.0,Defender
hidde-jurjus,31,189.0,Goalkeeper
marco-speelman,18,,Defender
wouter-prins,21,173.0,Defender
dirk-baron,22,190.0,Goalkeeper
hjalmar-ekdal,26,188.0,Defender
nils-eggens,20,178.0,Forward
thijs-oosting,25,176.0,Midfielder
tika-de-jonge,22,173.0,Midfielder
noam-fritz-emeran,22,179.0,Forward
romano-postema,23,175.0,Forward
jorgen-strand-larsen-2000-02-06,25,,Forward
sven-bouland,19,184.0,Defender
thom-van-bergen,21,180.0,Forward
youri-baas,22,182.0,Defender
wout-weghorst,32,197.0,Forward
aaron-bouwman,17,188.0,Defender
remko-pasveer,41,188.0,Goalkeeper
lucas-oliveira-rosa,25,176.0,Defender
amourrichio-jahvairo-deshauntino-van-axel-dongen,20,175.0,Forward
ahmetcan-kaplan,22,189.0,Defender
nick-verschuren,20,182.0,Defender
lucas-jetten,18,166.0,Defender
bertrand-isidore-traore,29,181.0,Forward
matheus-lima-magalhaes,33,190.0,Goalkeeper
branco-van-den-boomen,29,188.0,Midfielder
don-angelo-christoffel-annum-assamoah-konadu,19,173.0,Forward
precious-joel-uche-chukwu-ugwu,19,192.0,Defender
kian-fitz-jim,21,174.0,Midfielder
oliver-valaker-edvardsen,26,175.0,Forward
kenneth-taylor,23,182.0,Midfielder
jorrel-hato,19,182.0,Defender
jorthy-mokio,17,182.0,Defender
paul-peters-reverson,19,194.0,Goalkeeper
youri-regeer,21,177.0,Midfielder
charlie-setford,21,187.0,Goalkeeper
dies-janse,19,196.0,Defender
christian-theodor-kjelder-rasmussen,22,184.0,Forward
anton-gaaei,22,183.0,Defender
owen-wijndal,25,176.0,Defender
julian-dean-rijkhoff,20,183.0,Forward
rayane-bounida,19,179.0,Midfielder
mika-marcel-godts,20,176.0,Forward
davy-klaassen,32,179.0,Midfielder
brian-brobbey,23,180.0,Forward
steven-berghuis,33,182.0,Forward
josip-sutalo,25,185.0,Defender
jan-jakub-faberski,19,170.0,Midfielder
sean-steur,17,183.0,Midfielder
jay-gorter,25,190.0,Goalkeeper
jordan-brian-henderson,34,182.0,Midfielder
thomas-bruns,33,177.0,Midfielder
juho-jaakko-talvitie,20,177.0,Forward
mats-rots,19,185.0,Defender
robin-mantel,24,198.0,Goalkeeper
jan-zamburek,24,182.0,Midfielder
sem-scheperman,22,188.0,Midfielder
stijn-bultman,20,185.0,Defender
sava-arangel-cestic,24,192.0,Defender
jizz-hornkamp,27,182.0,Forward
suf-podgoreanu,23,193.0,Forward
tiago-codinha,19,,Midfielder
damon-mirani,29,183.0,Defender
jonah-te-fruchte,19,,Goalkeeper
mimeirhel-benita,21,173.0,Defender
jop-tijink,20,188.0,Defender
fabian-de-keijzer,25,193.0,Goalkeeper
kelvin-leerdam,34,178.0,Defender
ivan-mesik,24,186.0,Defender
daniel-van-kaam,24,175.0,Midfielder
nikolai-laursen,27,183.0,Forward
giandro-alejandro-sambo,18,181.0,Midfielder
diego-van-oorschot,19,178.0,Forward
jannes-luca-wieckhoff,24,188.0,Defender
timo-jansink,22,197.0,Goalkeeper
lorenzo-milani,24,178.0,Defender
bryan-limbombe,24,172.0,Forward
justin-hoogma,26,190.0,Defender
luka-kulenovic,25,190.0,Forward
mario-engels,31,184.0,Midfielder
jordy-bruijn,28,172.0,Midfielder
brian-de-keersmaecker,25,182.0,Midfielder
silvester-van-der-water,28,184.0,Forward
kevin-felida,25,172.0,Midfielder
denilho-cleonise,23,179.0,Forward
luuk-vogels,21,191.0,Goalkeeper
michiel-kramer,36,196.0,Forward
jeroen-houwen,29,188.0,Goalkeeper
richonell-margaret,24,191.0,Forward
aaron-meijers,37,176.0,Defender
daouda-weidmann,22,180.0,Midfielder
patrick-vroegh,25,175.0,Midfielder
yassin-oukili,24,195.0,Midfielder
dario-van-den-buijs,29,187.0,Defender
alexander-jakobsen,31,180.0,Midfielder
yanick-van-osch,28,183.0,Goalkeeper
oskar-zawada,29,192.0,Forward
joey-kesting,24,190.0,Goalkeeper
liam-van-gelderen,24,178.0,Defender
mark-spenkelink,28,196.0,Goalkeeper
mohammed-amine-ihattaren,23,183.0,Midfielder
richard-van-der-venne,33,173.0,Midfielder
ilias-takidine,24,171.0,Forward
redouan-el-yaakoubi,29,183.0,Defender
luuk-wouters,26,190.0,Defender
faissal-al-mazyani,20,180.0,Defender
julian-lelieveld,27,178.0,Defender
godfried-roemeratoe,25,178.0,Midfielder
chris-emmanuel-dikwama-lokesa,20,185.0,Midfielder
bart-tinus,39,198.0,Goalkeeper
roshon-van-eijma,26,186.0,Defender
juan-familio-castillo,25,175.0,Defender
tim-van-de-loo,22,171.0,Midfielder
